6,2,,1,255,如何注册成为会员,如何注册成为会员,1435672310
7,2,,1,255,如何搜索,如何搜索,1435672310
8,2,,1,255,忘记密码,忘记密码,1435672310
9,2,,1,255,我要买,我要买,1435672310
10,2,,1,255,查看已购买商品,查看已购买商品,1435672310
11,3,,1,255,如何管理店铺,如何管理店铺,1435672310
12,3,,1,255,查看售出商品,查看售出商品,1435672310
13,3,,1,255,如何发货,如何发货,1435672310
14,3,,1,255,商城商品推荐,商城商品推荐,1435672310
15,3,,1,255,如何申请开店,如何申请开店,1435672310
16,4,,1,255,如何注册支付宝,如何注册支付宝,1435672310
17,4,,1,255,在线支付,在线支付,1435672310
18,6,,1,255,会员修改密码,会员修改密码,1435672310
19,6,,1,255,会员修改个人资料,会员修改个人资料,1435672310
20,6,,1,255,商品发布,商品发布,1435672310
21,6,,1,255,修改收货地址,修改收货地址,1435672310
22,7,,1,255,关于我们,关于我们,1435672310
23,7,,1,255,联系我们,联系我们,1435672310
24,7,,1,255,招聘英才,招聘英才,1435672310
25,7,,1,255,合作及洽谈,合作及洽谈,1435672310
26,5,,1,255,联系卖家,联系卖家,1435672310
28,4,,1,255,分期付款,分期付款<br />,1435672310
29,4,,1,255,邮局汇款,邮局汇款<br />,1435672310
30,4,,1,255,公司转账,公司转账<br />,1435672310
31,5,,1,255,退换货政策,退换货政策,1435672310
32,5,,1,255,退换货流程,退换货流程,1435672310
33,5,,1,255,返修/退换货,返修/退换货,1435672310
34,5,,1,255,退款申请,退款申请,1435672310
35,1,http://www.csdeshang.com/,1,1,火爆销售中,火爆销售中<br />,1435672310
36,1,,1,255,管理功能说明,管理功能说明,1435672310
37,1,,1,255,如何扩充水印字体库,如何扩充水印字体库,1435672310
38,1,,1,255,提示信息,提示信息,1435672310
39,2,,1,255,积分细则,积分细则积分细则,1435672310
40,2,,1,255,积分兑换说明,积分兑换说明,1435672310
41,1,,1,255,功能使用说明,功能使用说明,1435672310
