1,1,6,直销SMT回流焊测温线 带插头耐高温测试线,149.00,1,1_2018122411344163561.jpg,149.00,1,6,1,0,0,17
2,2,6,直销SMT回流焊测温线 带插头耐高温测试线,149.00,1,1_2018122411344163561.jpg,149.00,1,6,1,0,0,17
3,3,8,JUKI2060感应器APM-D3A1 质量保证 SMT SENSOR,390.00,1,1_2018122412020753375.jpg,390.00,1,6,1,0,0,16
4,4,8,JUKI2060感应器APM-D3A1 质量保证 SMT SENSOR,390.00,1,1_2018122412020753375.jpg,390.00,1,6,1,0,0,16
5,5,8,JUKI2060感应器APM-D3A1 质量保证 SMT SENSOR,390.00,1,1_2018122412020753375.jpg,390.00,1,6,1,0,0,16
6,6,8,JUKI2060感应器APM-D3A1 质量保证 SMT SENSOR,390.00,1,1_2018122412020753375.jpg,390.00,1,6,1,0,0,16
7,7,6,直销SMT回流焊测温线 带插头耐高温测试线,149.00,2,1_2018122411344163561.jpg,298.00,1,6,1,0,0,17
8,8,8,JUKI2060感应器APM-D3A1 质量保证 SMT SENSOR,390.00,1,1_2018122412020753375.jpg,390.00,1,6,1,0,0,16
9,9,10,Yamaha YS24,500000.00,3,1_2019032815043767540.jpg,1500000.00,1,4,1,0,0,16
10,9,8,JUKI2060感应器APM-D3A1 质量保证 SMT SENSOR,390.00,1,1_2018122412020753375.jpg,390.00,1,4,1,0,0,16
11,10,11,绝对的好东西,5.00,1,4_2019032816222776182.jpg,5.00,4,31,1,0,5,14
12,11,11,绝对的好东西,5.00,1,4_2019032816222776182.jpg,5.00,4,31,1,0,5,14
13,12,11,绝对的好东西,5.00,1,4_2019032816222776182.jpg,5.00,4,31,1,0,5,14
14,13,11,绝对的好东西,5.00,1,4_2019032816222776182.jpg,5.00,4,31,1,0,5,14
15,14,11,绝对的好东西,5.00,1,4_2019032816222776182.jpg,5.00,4,31,1,0,5,14
16,15,11,绝对的好东西,5.00,1,4_2019032816222776182.jpg,5.00,4,31,1,0,5,14
17,16,11,绝对的好东西,5.00,1,4_2019032816222776182.jpg,5.00,4,31,1,0,5,14
18,17,12,小而美的东西,0.01,1,4_2019033014535826300.jpg,0.01,4,31,1,0,5,14
19,18,12,小而美的东西,0.01,1,4_2019033014535826300.jpg,0.01,4,31,1,0,5,14
20,19,12,小而美的东西,0.01,1,4_2019033014535826300.jpg,0.01,4,31,1,0,5,14
21,20,12,小而美的东西,0.01,1,4_2019033014535826300.jpg,0.01,4,31,1,0,5,14
22,21,12,小而美的东西,0.01,1,4_2019033014535826300.jpg,0.01,4,31,1,0,5,14
23,22,12,小而美的东西,0.01,1,4_2019033014535826300.jpg,0.01,4,31,1,0,5,14
24,23,12,小而美的东西,0.01,1,4_2019033014535826300.jpg,0.01,4,31,1,0,5,14
25,24,12,小而美的东西,0.01,1,4_2019033014535826300.jpg,0.01,4,31,1,0,5,14
26,25,12,小而美的东西,0.01,1,4_2019033014535826300.jpg,0.01,4,31,1,0,5,14
27,26,12,小而美的东西,0.01,1,4_2019033014535826300.jpg,0.01,4,31,1,0,5,14
28,27,12,小而美的东西,0.01,1,4_2019033014535826300.jpg,0.01,4,31,1,0,5,14
29,28,12,小而美的东西,0.01,1,4_2019033014535826300.jpg,0.01,4,31,1,0,5,14
30,29,12,小而美的东西,0.01,1,4_2019033014535826300.jpg,0.01,4,31,1,0,5,14
31,30,12,小而美的东西,0.01,1,4_2019033014535826300.jpg,0.01,4,31,1,0,5,14
32,31,12,小而美的东西,0.01,1,4_2019033014535826300.jpg,0.01,4,31,1,0,5,14
33,32,12,小而美的东西,0.01,1,4_2019033014535826300.jpg,0.01,4,31,1,0,5,14
34,33,12,小而美的东西,0.01,1,4_2019033014535826300.jpg,0.01,4,31,1,0,5,14
35,34,12,小而美的东西,0.01,1,4_2019033014535826300.jpg,0.01,4,31,1,0,5,14
36,35,12,小而美的东西,0.01,1,4_2019033014535826300.jpg,0.01,4,31,1,0,5,14
37,36,12,小而美的东西,0.01,1,4_2019033014535826300.jpg,0.01,4,33,1,0,5,14
38,37,12,小而美的东西,0.01,1,4_2019033014535826300.jpg,0.01,4,33,1,0,5,14
39,38,12,小而美的东西,0.01,1,4_2019033014535826300.jpg,0.01,4,33,1,0,5,14
40,39,12,小而美的东西,0.01,1,4_2019033014535826300.jpg,0.01,4,34,1,0,5,14
41,40,12,小而美的东西,0.01,1,4_2019033014535826300.jpg,0.01,4,34,1,0,5,14
42,41,12,小而美的东西,0.01,1,4_2019033014535826300.jpg,0.01,4,34,1,0,5,14
43,42,12,小而美的东西,0.01,1,4_2019033014535826300.jpg,0.01,4,34,1,0,5,14
44,43,12,小而美的东西,0.01,1,4_2019033014535826300.jpg,0.01,4,34,1,0,5,14
45,44,12,小而美的东西,0.01,1,4_2019033014535826300.jpg,0.01,4,35,1,0,5,14
46,45,11,绝对的好东西,5.00,1,4_2019032816222776182.jpg,5.00,4,34,1,0,0,14
47,46,11,绝对的好东西,5.00,1,4_2019032816222776182.jpg,5.00,4,36,1,0,0,14
