1,2,买家秀,买家秀默认相册,1,,1542261616,1
2,3,买家秀,买家秀默认相册,1,,1542975560,1
3,4,买家秀,买家秀默认相册,1,,1542975748,1
4,5,买家秀,买家秀默认相册,1,,1542975776,1
5,6,买家秀,买家秀默认相册,1,,1542976500,1
6,7,买家秀,买家秀默认相册,1,,1542977953,1
7,8,买家秀,买家秀默认相册,1,,1542980558,1
8,9,买家秀,买家秀默认相册,1,,1543040437,1
9,10,买家秀,买家秀默认相册,1,,1543041170,1
10,11,买家秀,买家秀默认相册,1,,1544102174,1
11,12,买家秀,买家秀默认相册,1,,1544147256,1
12,13,买家秀,买家秀默认相册,1,,1546523764,1
13,14,买家秀,买家秀默认相册,1,,1546832649,1
14,15,买家秀,买家秀默认相册,1,,1546833441,1
15,16,买家秀,买家秀默认相册,1,,1546840902,1
16,17,买家秀,买家秀默认相册,1,,1546846455,1
17,18,买家秀,买家秀默认相册,1,,1547196686,1
18,19,买家秀,买家秀默认相册,1,,1547204739,1
19,20,买家秀,买家秀默认相册,1,,1547870212,1
20,21,买家秀,买家秀默认相册,1,,1548316521,1
21,22,买家秀,买家秀默认相册,1,,1550734767,1
22,23,买家秀,买家秀默认相册,1,,1550735303,1
23,24,买家秀,买家秀默认相册,1,,1551092087,1
24,26,买家秀,买家秀默认相册,1,,1551186141,1
25,27,买家秀,买家秀默认相册,1,,1551230110,1
26,28,买家秀,买家秀默认相册,1,,1553569861,1
27,29,买家秀,买家秀默认相册,1,,1553586920,1
28,30,买家秀,买家秀默认相册,1,,1553758208,1
29,31,买家秀,买家秀默认相册,1,,1553764842,1
30,32,买家秀,买家秀默认相册,1,,1554099764,1
31,33,买家秀,买家秀默认相册,1,,1554103277,1
32,34,买家秀,买家秀默认相册,1,,1554105476,1
33,35,买家秀,买家秀默认相册,1,,1554123095,1
34,36,买家秀,买家秀默认相册,1,,1554188422,1
35,37,买家秀,买家秀默认相册,1,,1555395690,1
36,38,买家秀,买家秀默认相册,1,,1556070372,1
37,39,买家秀,买家秀默认相册,1,,1556975301,1
38,40,买家秀,买家秀默认相册,1,,1557148669,1
39,41,买家秀,买家秀默认相册,1,,1557214338,1
40,42,买家秀,买家秀默认相册,1,,1557319054,1
41,43,买家秀,买家秀默认相册,1,,1557567768,1
