1,new_order,4,您有订单需要处理，订单编号：2000000000003301。,1554001323,
2,new_order,4,您有订单需要处理，订单编号：2000000000003201。,1554001436,
3,new_order,4,您有订单需要处理，订单编号：2000000000003101。,1554001508,
4,new_order,4,您有订单需要处理，订单编号：2000000000003501。,1554002213,
5,new_order,4,您有订单需要处理，订单编号：2000000000002901。,1554002232,
6,new_order,4,您有订单需要处理，订单编号：2000000000003001。,1554002477,
7,new_order,4,您有订单需要处理，订单编号：2000000000003601。,1554103444,
8,new_order,4,您有订单需要处理，订单编号：2000000000003701。,1554104156,
9,new_order,4,您有订单需要处理，订单编号：2000000000003801。,1554104993,
10,new_order,4,您有订单需要处理，订单编号：2000000000004001。,1554105551,
11,new_order,4,您有订单需要处理，订单编号：2000000000004101。,1554110896,
12,new_order,4,您有订单需要处理，订单编号：2000000000004201。,1554111604,
13,new_order,4,您有订单需要处理，订单编号：2000000000004301。,1554119010,
14,new_order,4,您有订单需要处理，订单编号：2000000000004401。,1554123168,
15,store_bill_affirm,1,您有新的结算单等待确认，开始时间：2019-03-01 00:00:00，结束时间：2019-03-31 23:59:59，结算单号：2019031。,1554171438,
16,store_bill_affirm,2,您有新的结算单等待确认，开始时间：2019-03-01 00:00:00，结束时间：2019-03-31 23:59:59，结算单号：2019032。,1554171438,
17,store_bill_affirm,3,您有新的结算单等待确认，开始时间：2019-03-01 00:00:00，结束时间：2019-03-31 23:59:59，结算单号：2019033。,1554171438,
18,store_bill_affirm,4,您有新的结算单等待确认，开始时间：2019-03-01 00:00:00，结束时间：2019-03-31 23:59:59，结算单号：2019034。,1554171438,
19,new_order,4,您有订单需要处理，订单编号：2000000000004501。,1554173000,
20,new_order,4,您有订单需要处理，订单编号：2000000000004601。,1554188648,
21,refund,4,您有一个售前退款单需要处理，退款编号：295104190402152951。,1554190191,
22,refund,4,您有一个售前退款单需要处理，退款编号：314104190402153407。,1554190447,
23,refund,4,您有一个售后退款单需要处理，退款编号：779104190402153916。,1554190756,
