711,,一号线,a49d设备,447,1553270400,1537364993
710,,一号线,a49d设备,441,1553303691,1553307333
709,,一号线,a49d设备,440,1553292147,1553298520
708,,一号线,a49d设备,425,1553270400,1553287027
707,,一号线,6efb设备,457,1553332397,1553356799
706,,一号线,6efb设备,457,1553270400,1526447882
705,,一号线,6efb设备,456,1553317501,1553326381
704,,一号线,6efb设备,456,1553270400,1537365203
703,,一号线,6efb设备,445,1553292190,1553298509
702,,一号线,6efb设备,444,1553303510,1553307310
701,,一号线,6efb设备,423,1553270400,1553286552
700,,四号线,10e6设备,416,1553207091,1553270399
699,,四号线,10e6设备,415,1553184527,1553204935
698,,三号线,2920设备,430,1553259727,1553263883
697,,三号线,2920设备,428,1553251179,1553254636
696,,三号线,2920设备,419,1553231084,1553245252
695,,三号线,2920设备,417,1553213405,1553225090
694,,三号线,2920设备,413,1553194890,1553209629
519,,四号线,10e6设备,378,1553050947,1553097599
518,,四号线,10e6设备,376,1553043459,1553045811
517,,四号线,10e6设备,371,1553030888,1553036364
516,,四号线,10e6设备,368,1552989495,1553014560
515,,三号线,2920设备,369,1553015479,1553097144
514,,三号线,b340设备,370,1553015469,1553097599
513,,二号线,de7a设备,387,1552992732,1553097599
512,,二号线,de7a设备,338,1552992732,1553091552
511,,二号线,6fe7设备,337,1552937041,1553097599
510,,一号线,1bc2设备,384,1553081324,1553097599
509,,一号线,1bc2设备,383,1553081324,1553097599
508,,一号线,1bc2设备,382,1553037400,1553073717
507,,一号线,1bc2设备,381,1553037400,1553073717
506,,一号线,1bc2设备,374,1553037400,1553068204
505,,一号线,1bc2设备,373,1553037400,1553068204
504,,一号线,1bc2设备,348,1552878265,1553024161
503,,一号线,1bc2设备,347,1552878265,1553024161
502,,一号线,a49d设备,386,1553081851,1553097517
501,,一号线,a49d设备,380,1553038555,1553073534
500,,一号线,a49d设备,372,1553038555,1553068382
499,,一号线,a49d设备,358,1552893027,1553021488
498,,一号线,6efb设备,385,1553079846,1553097599
497,,一号线,6efb设备,379,1553036471,1553073496
496,,一号线,6efb设备,377,1553036471,1553041816
495,,一号线,6efb设备,375,1553036471,1553068320
494,,一号线,6efb设备,357,1552892831,1553020524
0,,四号线,10e6设备,368,1552989495,1553011199
492,,四号线,10e6设备,367,1552974831,1552987218
491,,四号线,10e6设备,362,1552924800,1552971590
490,,三号线,2920设备,365,1552973400,1552992628
489,,三号线,2920设备,360,1552924800,1552965931
487,,三号线,b340设备,361,1552924800,1552965823
488,,三号线,b340设备,366,1552973364,1552992966
485,,二号线,de7a设备,338,1552937333,1552992572
486,,二号线,de7a设备,338,1552992732,1553011199
484,,二号线,de7a设备,338,1552924800,1552936974
483,,二号线,6fe7设备,337,1552937041,1553011199
482,,二号线,6fe7设备,337,1552924800,1552936975
481,,一号线,a49d设备,358,1552924800,1553011199
480,,一号线,6efb设备,357,1552924800,1553011199
479,,一号线,1bc2设备,347,1552924800,1553011199
478,,四号线,10e6设备,362,1552915566,1552924799
477,,四号线,10e6设备,359,1552887955,1552907705
476,,四号线,10e6设备,352,1552869174,1552886511
475,,三号线,2920设备,360,1552907917,1552924799
474,,三号线,2920设备,345,1552867293,1552903459
473,,三号线,b340设备,361,1552908111,1552924799
472,,三号线,b340设备,346,1552867170,1552899621
471,,二号线,de7a设备,338,1552867107,1552924799
470,,二号线,6fe7设备,337,1552867098,1552924799
469,,一号线,a49d设备,358,1552893027,1552924799
468,,一号线,a49d设备,358,1552878159,1552892835
467,,一号线,a49d设备,358,1552877123,1552877886
466,,一号线,a49d设备,343,1552838400,1552871078
465,,一号线,6efb设备,357,1552892831,1552924799
464,,一号线,6efb设备,357,1552878346,1552892799
463,,一号线,6efb设备,357,1552876646,1552877424
462,,一号线,6efb设备,344,1552867169,1552871236
461,,一号线,1bc2设备,347,1552878265,1552924799
460,,一号线,1bc2设备,347,1552876627,1552877245
459,,一号线,1bc2设备,341,1552866989,1552871130
458,,四号线,10e6设备,356,1552758076,1552760100
457,,三号线,2920设备,345,1552760439,1552780588
456,,三号线,2920设备,329,1552752000,1552754815
455,,三号线,b340设备,346,1552760384,1552780581
454,,三号线,b340设备,330,1552753462,1552754787
453,,二号线,de7a设备,338,1552752000,1552780561
452,,二号线,6fe7设备,337,1552752000,1552779894
451,,二号线,0c62设备,339,1552752000,1552780524
450,,一号线,a49d设备,343,1552761211,1552838399
449,,一号线,a49d设备,343,1552756250,1552756388
448,,一号线,6efb设备,344,1552761232,1552780700
447,,一号线,6efb设备,344,1552754291,1552761217
446,,一号线,1bc2设备,341,1552761257,1552780661
445,,一号线,1bc2设备,341,1552755099,1552758911
440,,四号线,10e6设备,350,1552665974,1552666149
441,,四号线,10e6设备,351,1552669054,1552690659
442,,四号线,10e6设备,353,1552694575,1552751999
443,,四号线,10e6设备,354,1552694575,1552722133
444,,四号线,10e6设备,355,1552725190,1552736624
439,,三号线,2920设备,329,1552704904,1552751999
433,,三号线,b340设备,325,1552677816,1552685245
434,,三号线,b340设备,326,1552691767,1552700587
435,,三号线,b340设备,330,1552705232,1552747977
436,,三号线,2920设备,322,1552665676,1552671282
437,,三号线,2920设备,324,1552677793,1552684532
438,,三号线,2920设备,327,1552691583,1552699662
432,,三号线,b340设备,321,1552665600,1552671336
431,,二号线,de7a设备,338,1552740540,1552751999
430,,二号线,de7a设备,323,1552677678,1552731897
429,,二号线,de7a设备,320,1552665600,1552667588
428,,二号线,6fe7设备,337,1552740536,1552751999
427,,二号线,6fe7设备,337,1552740448,1552740459
426,,二号线,6fe7设备,336,1552677691,1552732125
425,,二号线,6fe7设备,335,1552666317,1552667810
424,,二号线,0c62设备,339,1552740611,1552751999
423,,二号线,0c62设备,333,1552677742,1552732413
422,,二号线,0c62设备,331,1552665918,1552667584
406,,一号线,a49d设备,319,1552591220,1552650556
407,,一号线,a49d设备,319,1552650745,1552665599
408,,二号线,0c62设备,297,1552579200,1552607964
409,,二号线,10e6设备,301,1552579200,1552607974
410,,二号线,6fe7设备,300,1552579200,1552665599
411,,二号线,de7a设备,299,1552579200,1552608012
412,,二号线,de7a设备,320,1552620568,1552665599
413,,三号线,2920设备,308,1552579200,1552583726
414,,三号线,2920设备,315,1552586995,1552613772
415,,三号线,2920设备,322,1552626379,1552665498
416,,三号线,b340设备,309,1552579200,1552584035
417,,三号线,b340设备,314,1552587009,1552614526
418,,三号线,b340设备,321,1552626267,1552665599
419,,一号线,6efb设备,316,1552665600,1552737465
420,,一号线,a49d设备,319,1552665600,1552737304
421,,一号线,1bc2设备,317,1552665600,1552738352
390,,二号线,de7a设备,282,1552492800,1552504531
391,,二号线,de7a设备,299,1552507725,1552579199
392,,三号线,2920设备,289,1552492800,1552510792
393,,三号线,2920设备,303,1552514450,1552540114
394,,三号线,2920设备,308,1552545354,1552579199
395,,三号线,b340设备,292,1552492800,1552511437
396,,三号线,b340设备,274,1552512655,1552513698
397,,三号线,b340设备,302,1552514429,1552540065
398,,三号线,b340设备,309,1552546414,1552579199
399,,一号线,1bc2设备,312,1552579200,1552588558
400,,一号线,1bc2设备,317,1552590534,1552650657
401,,一号线,1bc2设备,317,1552650788,1552665599
402,,一号线,6efb设备,310,1552579200,1552588784
403,,一号线,6efb设备,316,1552590337,1552650638
404,,一号线,6efb设备,316,1552650758,1552665599
405,,一号线,a49d设备,311,1552579200,1552588301
389,,二号线,6fe7设备,300,1552512256,1552579199
388,,二号线,6fe7设备,283,1552492800,1552504336
387,,二号线,10e6设备,301,1552512132,1552579199
386,,二号线,10e6设备,280,1552492800,1552504113
370,,三号线,b340设备,274,1552406409,1552408387
371,,三号线,b340设备,277,1552422250,1552428428
372,,三号线,b340设备,284,1552440133,1552467090
373,,三号线,b340设备,292,1552478057,1552492799
374,,一号线,1bc2设备,293,1552496659,1552524022
375,,一号线,1bc2设备,304,1552527210,1552552729
376,,一号线,1bc2设备,312,1552558219,1552579199
377,,一号线,6efb设备,295,1552496115,1552524212
378,,一号线,6efb设备,306,1552526840,1552552608
379,,一号线,6efb设备,310,1552558051,1552579199
380,,一号线,a49d设备,296,1552496137,1552524359
381,,一号线,a49d设备,307,1552526910,1552552670
382,,一号线,a49d设备,311,1552558533,1552579199
383,,二号线,0c62设备,278,1552492800,1552503965
384,,二号线,0c62设备,297,1552504356,1552512392
385,,二号线,0c62设备,297,1552515687,1552579199
369,,三号线,2920设备,289,1552478085,1552492799
367,,三号线,2920设备,275,1552421778,1552428437
368,,三号线,2920设备,281,1552440164,1552467254
366,,三号线,2920设备,273,1552406400,1552415998
365,,二号线,de7a设备,282,1552437340,1552492799
363,,二号线,de7a设备,261,1552406400,1552411735
364,,二号线,de7a设备,282,1552436132,1552437227
362,,二号线,6fe7设备,283,1552437476,1552492799
361,,二号线,6fe7设备,283,1552436493,1552437016
360,,二号线,6fe7设备,264,1552406400,1552411844
359,,二号线,10e6设备,280,1552437483,1552492799
358,,二号线,10e6设备,280,1552436207,1552436856
357,,二号线,10e6设备,265,1552406400,1552412022
356,,二号线,0c62设备,278,1552437654,1552492799
355,,二号线,0c62设备,278,1552436321,1552436617
354,,二号线,0c62设备,262,1552406400,1552412045
353,,一号线,a49d设备,287,1552478517,1552488242
352,,一号线,a49d设备,287,1552475365,1552475591
351,,一号线,a49d设备,276,1552418573,1552460710
350,,一号线,a49d设备,270,1552406400,1552409725
349,,一号线,6efb设备,288,1552478537,1552486493
348,,一号线,6efb设备,288,1552474892,1552475678
347,,一号线,6efb设备,286,1552418563,1552460697
346,,一号线,6efb设备,285,1552406687,1552408605
345,,一号线,1bc2设备,290,1552478574,1552485938
344,,一号线,1bc2设备,290,1552477224,1552477564
343,,三号线,b340设备,274,1552399475,1552399475
342,,三号线,b340设备,272,1552392087,1552399008
341,,三号线,b340设备,269,1552365288,1552391551
340,,三号线,b340设备,267,1552335026,1552356481
339,,三号线,b340设备,260,1552320000,1552329439
338,,三号线,2920设备,273,1552399716,1552406399
337,,三号线,2920设备,271,1552391196,1552398516
336,,三号线,2920设备,268,1552364484,1552390379
335,,三号线,2920设备,266,1552335138,1552356482
334,,三号线,2920设备,259,1552320000,1552329332
333,,二号线,de7a设备,261,1552322144,1552406399
332,,二号线,de7a设备,257,1552320000,1552320145
331,,二号线,6fe7设备,264,1552322154,1552406399
330,,二号线,10e6设备,265,1552322211,1552406399
313,,二号线,6fe7设备,245,1552233651,1552239724
314,,二号线,6fe7设备,256,1552248471,1552250286
315,,二号线,6fe7设备,256,1552250407,1552319796
316,,二号线,de7a设备,244,1552233616,1552239230
317,,二号线,de7a设备,257,1552250151,1552250411
318,,二号线,de7a设备,257,1552250427,1552319999
319,,三号线,2920设备,243,1552234536,1552234538
320,,三号线,2920设备,252,1552242309,1552245267
321,,三号线,2920设备,258,1552252284,1552254932
322,,三号线,2920设备,259,1552254987,1552257156
323,,三号线,2920设备,259,1552257176,1552319999
324,,三号线,b340设备,260,1552256998,1552319999
325,,一号线,6efb设备,250,1552320000,1552406399
326,,一号线,a49d设备,249,1552320000,1552377291
327,,一号线,a49d设备,270,1552378008,1552406399
328,,二号线,0c62设备,262,1552322577,1552406399
329,,二号线,0c62设备,263,1552322577,1552406399
312,,二号线,10e6设备,255,1552250462,1552319636
311,,二号线,10e6设备,255,1552248092,1552248371
310,,二号线,10e6设备,246,1552233608,1552238548
309,,二号线,0c62设备,253,1552250507,1552319623
308,,二号线,0c62设备,253,1552247516,1552248111
307,,二号线,0c62设备,247,1552233606,1552238194
306,,一号线,a49d设备,249,1552233647,1552319999
305,,一号线,6efb设备,250,1552233645,1552319999
304,,三号线,b340设备,242,1552185455,1552229429
303,,三号线,b340设备,236,1552178598,1552180931
302,,三号线,b340设备,233,1552157658,1552176189
301,,三号线,b340设备,231,1552157658,1552171525
300,,三号线,2920设备,243,1552185586,1552229459
299,,三号线,2920设备,232,1552157446,1552176183
297,,二号线,de7a设备,238,1552176096,1552200553
298,,二号线,de7a设备,244,1552203432,1552222489
296,,二号线,de7a设备,237,1552176096,1552183426
295,,二号线,de7a设备,235,1552176096,1552183426
294,,二号线,6fe7设备,245,1552203435,1552224713
292,,二号线,6fe7设备,230,1552156533,1552172272
293,,二号线,6fe7设备,240,1552176096,1552200555
291,,二号线,10e6设备,246,1552203453,1552229681
289,,二号线,10e6设备,227,1552156546,1552172436
290,,二号线,10e6设备,234,1552175968,1552200565
287,,二号线,0c62设备,228,1552156542,1552172420
288,,二号线,0c62设备,247,1552204666,1552227946
286,,一号线,a49d设备,249,1552215156,1552233557
285,,一号线,a49d设备,239,1552184625,1552203500
261,,二号线,6fe7设备,214,1551803341,1551861387
262,,二号线,de7a设备,202,1551803347,1551861392
263,,三号线,2920设备,196,1551774118,1551807372
264,,三号线,2920设备,205,1551811329,1551817174
265,,三号线,2920设备,208,1551825650,1551834554
266,,三号线,b340设备,195,1551769280,1551808493
267,,三号线,b340设备,206,1551811341,1551815650
268,,三号线,b340设备,207,1551817203,1551822882
269,,三号线,b340设备,209,1551827614,1551834623
270,,三号线,b340设备,213,1551853557,1551861317
271,,三号线,b340设备,217,1551853557,1551861317
272,,一号线,6efb设备,216,1551888066,1551914062
273,,一号线,6efb设备,225,1551948321,1551948581
274,,一号线,a49d设备,215,1551888001,1551914052
275,,二号线,0c62设备,203,1551888041,1551915419
276,,二号线,10e6设备,200,1551888077,1551915415
277,,二号线,6fe7设备,201,1551888042,1551915409
278,,二号线,de7a设备,202,1551888151,1551915168
279,,三号线,b340设备,218,1551889532,1551894621
280,,三号线,b340设备,219,1551930285,1551930594
281,,一号线,6efb设备,225,1552147525,1552178354
282,,一号线,6efb设备,241,1552184574,1552203552
283,,一号线,6efb设备,250,1552215051,1552215407
284,,一号线,a49d设备,224,1552147633,1552178296
260,,二号线,6fe7设备,201,1551803341,1551861387
258,,二号线,0c62设备,203,1551803339,1551861059
259,,二号线,10e6设备,200,1551803357,1551861398
257,,一号线,a49d设备,215,1551848361,1551861648
256,,一号线,a49d设备,212,1551848361,1551861648
255,,一号线,a49d设备,194,1551754186,1551820823
254,,一号线,6efb设备,216,1551847551,1551861641
253,,一号线,6efb设备,210,1551847551,1551861641
252,,一号线,6efb设备,193,1551753443,1551820596
538,,二号线,de7a设备,143,1551304156,1551420492
693,,三号线,2920设备,406,1553184000,1553190911
692,,三号线,b340设备,433,1553270344,1553270399
691,,三号线,b340设备,431,1553259728,1553263915
690,,三号线,b340设备,429,1553251402,1553254463
543,,二号线,de7a设备,403,1552650745,1552737304
689,,三号线,b340设备,420,1553231139,1553244995
688,,三号线,b340设备,418,1553213416,1553225127
687,,三号线,b340设备,414,1553194896,1553209610
686,,三号线,b340设备,407,1553184000,1553190921
685,,二号线,de7a设备,403,1553184000,1553270399
684,,二号线,6fe7设备,405,1553184000,1553270399
683,,一号线,1bc2设备,427,1553249932,1553270399
682,,一号线,1bc2设备,426,1553249932,1553270399
681,,一号线,1bc2设备,422,1553235622,1553245201
680,,一号线,1bc2设备,421,1553235622,1553245681
679,,一号线,1bc2设备,412,1553184000,1553233308
678,,一号线,1bc2设备,411,1553184000,1553233308
677,,一号线,a49d设备,425,1553249959,1553270399
557,,一号线,6efb设备,423,1534643623,1534721801
676,,一号线,a49d设备,425,1553184000,1553249934
675,,一号线,a49d设备,409,1553184000,1553232905
674,,一号线,a49d设备,239,1553235354,1553244170
673,,一号线,6efb设备,423,1553251374,1553270399
672,,一号线,6efb设备,410,1553184000,1553233308
671,,一号线,6efb设备,241,1553235367,1553244070
670,,四号线,10e6设备,408,1553168609,1553179126
565,,一号线,1bc2设备,421,1540838276,1540861720
669,,四号线,10e6设备,408,1553158182,1553166960
567,,一号线,1bc2设备,422,1540838276,1540861720
668,,四号线,10e6设备,404,1553158182,1553166960
569,,一号线,1bc2设备,426,1534643090,1534721856
667,,四号线,10e6设备,401,1553152799,1553157333
571,,一号线,1bc2设备,427,1534643090,1534721856
666,,四号线,10e6设备,392,1553122490,1553151190
665,,三号线,2920设备,406,1553168345,1553183999
664,,三号线,2920设备,391,1553106718,1553158758
663,,三号线,b340设备,407,1553168725,1553183999
662,,三号线,b340设备,390,1553106718,1553158978
661,,三号线,b340设备,370,1553097600,1553098459
660,,二号线,de7a设备,403,1553158907,1553183999
659,,二号线,de7a设备,403,1553097600,1552737304
658,,二号线,de7a设备,399,1553147350,1553155982
657,,二号线,de7a设备,398,1553132880,1553145446
656,,二号线,de7a设备,389,1553100845,1553127470
655,,二号线,de7a设备,387,1553097600,1553098721
654,,二号线,de7a设备,143,1553097600,1551420492
653,,二号线,6fe7设备,405,1553158914,1553183999
652,,二号线,6fe7设备,402,1553158914,1553183999
651,,二号线,6fe7设备,400,1553147368,1553155974
650,,二号线,6fe7设备,397,1553133102,1553145420
649,,二号线,6fe7设备,388,1553104194,1553126938
590,,一号线,6efb设备,161,1551369600,1551370433
591,,一号线,6efb设备,162,1551369600,1551385870
592,,一号线,6efb设备,162,1551386144,1551415093
593,,一号线,6efb设备,163,1551433450,1551451002
594,,一号线,a49d设备,152,2147483647,2147483647
595,,一号线,a49d设备,153,2147483647,2147483647
596,,一号线,a49d设备,164,1551433578,1551449684
597,,一号线,1bc2设备,156,1551385049,1551410646
598,,一号线,1bc2设备,157,1551385049,1551410646
599,,二号线,0c62设备,3,1551369600,1550050234
600,,二号线,0c62设备,3,1551425199,1551455999
601,,二号线,0c62设备,4,1551369600,1550050234
602,,二号线,0c62设备,4,1551425199,1551455999
603,,二号线,0c62设备,146,1551369600,1551421324
604,,二号线,0c62设备,147,1551369600,1551421323
605,,二号线,6fe7设备,1,1551425703,1551455999
606,,二号线,6fe7设备,144,1551369600,1551421366
607,,二号线,de7a设备,5,1551425690,1551455999
608,,二号线,de7a设备,143,1551369600,1551420492
609,,三号线,b340设备,154,1551369600,1547820468
610,,三号线,b340设备,154,1551403847,1551442133
611,,三号线,2920设备,155,1551369600,1551403862
612,,三号线,2920设备,155,1551403896,1551442099
613,,四号线,10e6设备,2,1551369600,1550050236
614,,四号线,10e6设备,2,1551425197,1551455999
615,,四号线,10e6设备,145,1551369600,1551421017
616,,一号线,6efb设备,241,1553184000,1552203552
648,,二号线,6fe7设备,337,1553097600,1553098748
618,,一号线,6efb设备,423,1553184000,1534721801
619,,一号线,a49d设备,239,1553184000,1552203500
647,,一号线,1bc2设备,412,1553173574,1553183999
646,,一号线,1bc2设备,411,1553173574,1553183999
645,,一号线,1bc2设备,396,1553131843,1553165323
644,,一号线,1bc2设备,395,1553131843,1553165323
624,,一号线,1bc2设备,421,1553184000,1540861720
625,,一号线,1bc2设备,422,1553184000,1540861720
626,,一号线,1bc2设备,426,1553184000,1534721856
627,,一号线,1bc2设备,427,1553184000,1534721856
643,,一号线,1bc2设备,384,1553097600,1553123403
642,,一号线,1bc2设备,383,1553097600,1553123403
641,,一号线,a49d设备,409,1553173528,1553183999
640,,一号线,a49d设备,393,1553131859,1553164953
639,,一号线,a49d设备,386,1553097600,1553123270
638,,一号线,6efb设备,410,1553173543,1553183999
637,,一号线,6efb设备,394,1553131847,1553166026
636,,一号线,6efb设备,385,1553097600,1553123401
712,,一号线,a49d设备,447,1553317601,1553326208
713,,一号线,a49d设备,453,1553270400,1526447948
714,,一号线,a49d设备,453,1553332378,1553356799
715,,一号线,1bc2设备,426,1553270400,1553288742
716,,一号线,1bc2设备,427,1553270400,1553288742
717,,一号线,1bc2设备,438,1553292069,1553298505
718,,一号线,1bc2设备,439,1553292069,1553298505
719,,一号线,1bc2设备,442,1553303492,1553307291
720,,一号线,1bc2设备,443,1553303492,1553307291
721,,一号线,1bc2设备,448,1553270400,1553326715
722,,一号线,1bc2设备,449,1553270400,1553326715
723,,一号线,1bc2设备,454,1553270400,1526447532
724,,一号线,1bc2设备,454,1553332444,1553356799
725,,一号线,1bc2设备,455,1553270400,1526447532
726,,一号线,1bc2设备,455,1553332444,1553356799
727,,二号线,6fe7设备,337,1553270400,1553098748
728,,二号线,6fe7设备,337,1553293416,1553356799
729,,二号线,6fe7设备,405,1553270400,1553288208
730,,二号线,6fe7设备,437,1553270400,1553290779
731,,二号线,de7a设备,338,1553270400,1550834348
732,,二号线,de7a设备,338,1553293637,1553296773
733,,二号线,de7a设备,338,1553300744,1553356799
734,,二号线,de7a设备,403,1553270400,1553290927
735,,三号线,b340设备,433,1553270400,1553272405
736,,三号线,b340设备,434,1553276405,1553280486
737,,三号线,b340设备,435,1553287658,1553288116
738,,三号线,b340设备,435,1553288467,1553309568
739,,三号线,b340设备,446,1553288467,1553316603
740,,三号线,b340设备,450,1553326245,1553356799
741,,三号线,2920设备,432,1553270537,1553276263
742,,三号线,2920设备,436,1553287538,1553316411
743,,三号线,2920设备,451,1553326149,1553356799
744,,四号线,10e6设备,416,1553270400,1553320773
745,,四号线,10e6设备,452,1553323900,1553356799
746,,一号线,6efb设备,457,1553356800,1553358412
747,,一号线,6efb设备,458,1553365690,1553385589
748,,一号线,a49d设备,453,1553356800,1553358210
749,,一号线,a49d设备,461,1553366155,1553383871
750,,一号线,1bc2设备,454,1553356800,1553358408
751,,一号线,1bc2设备,455,1553356800,1553358408
752,,一号线,1bc2设备,459,1553365711,1553385792
753,,一号线,1bc2设备,460,1553365711,1553385792
754,,二号线,6fe7设备,337,1553356800,1553385224
755,,二号线,de7a设备,338,1553356800,1553385222
756,,三号线,b340设备,450,1553356800,1553360861
757,,三号线,b340设备,462,1553369753,1553378221
758,,三号线,b340设备,464,1553381189,1553387222
759,,三号线,2920设备,451,1553356800,1553360867
760,,三号线,2920设备,463,1553369783,1553377968
761,,三号线,2920设备,465,1553381208,1553383952
762,,四号线,10e6设备,452,1553356800,1553378504
763,,一号线,6efb设备,458,1553443200,1553529599
764,,一号线,a49d设备,461,1553443200,1553522606
765,,一号线,1bc2设备,459,1553443200,1553522678
766,,一号线,1bc2设备,460,1553443200,1553522678
767,,二号线,0c62设备,339,1553443200,1553529599
768,,二号线,0c62设备,340,1553443200,1553529599
769,,二号线,de7a设备,338,1553443200,1553515739
770,,二号线,de7a设备,338,1553515761,1553529599
771,,三号线,b340设备,464,1553443200,1553529599
772,,四号线,10e6设备,466,1553443200,1553529599
773,,四号线,10e6设备,467,1553443200,1553529599
774,,一号线,6efb设备,496,1553532494,1553535800
775,,一号线,6efb设备,496,1553536572,1553550984
776,,一号线,6efb设备,497,1553561326,1553594735
777,,一号线,6efb设备,498,1553599599,1553615929
778,,一号线,a49d设备,470,1553533502,1553534521
779,,一号线,a49d设备,470,1553535196,1553536140
780,,一号线,a49d设备,470,1553537215,1553550913
781,,一号线,a49d设备,475,1553553148,1553596817
782,,一号线,a49d设备,482,1553599843,1553611298
783,,一号线,1bc2设备,471,1553533409,1553533738
784,,一号线,1bc2设备,471,1553533844,1553535681
785,,一号线,1bc2设备,471,1553536541,1553550879
786,,一号线,1bc2设备,472,1553533409,1553533738
787,,一号线,1bc2设备,472,1553533844,1553535681
788,,一号线,1bc2设备,472,1553536541,1553550879
789,,一号线,1bc2设备,473,1553553183,1553596829
790,,一号线,1bc2设备,474,1553553183,1553596829
791,,一号线,1bc2设备,480,1553599618,1553615700
792,,一号线,1bc2设备,481,1553599618,1553615700
793,,二号线,0c62设备,339,1553529600,1553615999
794,,二号线,0c62设备,340,1553529600,1553615999
795,,二号线,de7a设备,338,1553529600,1553558023
796,,二号线,de7a设备,338,1553558817,1553615999
797,,三号线,b340设备,464,1553529600,1553563250
798,,三号线,b340设备,477,1553566063,1553576931
799,,三号线,b340设备,479,1553582878,1553609512
800,,四号线,10e6设备,467,1553529600,1553563239
801,,四号线,10e6设备,476,1553565174,1553565593
802,,四号线,10e6设备,476,1553566172,1553576348
803,,四号线,10e6设备,478,1553581024,1553609387
804,,一号线,6efb设备,499,1553620044,1553634715
805,,一号线,6efb设备,500,1553616000,1546976449
806,,一号线,6efb设备,500,1553652599,1553702399
807,,一号线,6efb设备,501,1553637471,1553648193
808,,一号线,a49d设备,484,1553618870,1553634730
809,,一号线,a49d设备,488,1553637493,1553648213
810,,一号线,a49d设备,492,1553616000,1546976408
811,,一号线,a49d设备,492,1553652618,1553702399
812,,一号线,1bc2设备,485,1553620585,1553634704
813,,一号线,1bc2设备,486,1553620585,1553634704
814,,一号线,1bc2设备,489,1553637482,1553648199
815,,一号线,1bc2设备,490,1553637482,1553648199
816,,一号线,1bc2设备,493,1553616000,1546972591
817,,一号线,1bc2设备,493,1553652601,1553702399
818,,一号线,1bc2设备,494,1553616000,1546972591
819,,一号线,1bc2设备,494,1553652601,1553702399
820,,二号线,0c62设备,339,1553616000,1553627867
821,,二号线,0c62设备,339,1553684514,1553702399
822,,二号线,0c62设备,340,1553616000,1553627867
823,,二号线,0c62设备,340,1553684514,1553702399
824,,二号线,0c62设备,468,1553616000,1553290838
825,,二号线,0c62设备,468,1553629874,1553678805
826,,二号线,0c62设备,469,1553616000,1553290838
827,,二号线,0c62设备,469,1553629874,1553678805
828,,二号线,de7a设备,338,1553616000,1553628214
829,,二号线,de7a设备,338,1553685603,1553702399
830,,二号线,de7a设备,403,1553616000,1553290927
831,,二号线,de7a设备,403,1553629620,1553678265
832,,三号线,b340设备,483,1553616000,1546855928
833,,三号线,b340设备,483,1553620882,1553647365
834,,三号线,b340设备,491,1553616000,1547666178
835,,三号线,b340设备,491,1553649119,1553694772
836,,三号线,b340设备,503,1553702176,1553702399
837,,四号线,10e6设备,487,1553621032,1553649121
838,,一号线,6efb设备,40,1553719381,1553788799
839,,一号线,6efb设备,40,1553771578,1553788799
840,,一号线,6efb设备,338,1553719381,1553788799
841,,一号线,6efb设备,339,1553719381,1553788799
842,,一号线,6efb设备,340,1553719381,1553788799
843,,一号线,6efb设备,361,1553771578,1553788799
844,,一号线,6efb设备,500,1553702400,1553715538
845,,一号线,6efb设备,506,1553719381,1553768484
846,,一号线,6efb设备,508,1553719381,1553788799
847,,一号线,6efb设备,509,1553719381,1553750021
848,,一号线,6efb设备,515,1553702400,1546606587
849,,一号线,6efb设备,515,1553771578,1553788799
850,,一号线,a49d设备,9,1553719260,1553788799
851,,一号线,a49d设备,40,1553771632,1553788799
852,,一号线,a49d设备,338,1553719260,1553788799
853,,一号线,a49d设备,340,1553719260,1553788799
854,,一号线,a49d设备,492,1553702400,1553715533
855,,一号线,a49d设备,506,1553719260,1553788799
856,,一号线,a49d设备,507,1553719260,1553768762
857,,一号线,a49d设备,509,1553719260,1553788799
858,,一号线,a49d设备,512,1553702400,1546606600
859,,一号线,a49d设备,512,1553771632,1553788799
860,,一号线,1bc2设备,9,1553771581,1553788799
861,,一号线,1bc2设备,40,1553718564,1553788799
862,,一号线,1bc2设备,40,1553771581,1553788799
863,,一号线,1bc2设备,338,1553718564,1553788799
864,,一号线,1bc2设备,339,1553718564,1553788799
865,,一号线,1bc2设备,340,1553718564,1553788799
866,,一号线,1bc2设备,361,1553771581,1553788799
867,,一号线,1bc2设备,493,1553702400,1553715578
868,,一号线,1bc2设备,494,1553702400,1553715578
869,,一号线,1bc2设备,504,1553718564,1553768305
870,,一号线,1bc2设备,505,1553718564,1553768305
871,,一号线,1bc2设备,508,1553718564,1553788799
872,,一号线,1bc2设备,509,1553718564,1553788799
873,,一号线,1bc2设备,513,1553702400,1546602904
874,,一号线,1bc2设备,513,1553771581,1553788799
875,,一号线,1bc2设备,514,1553702400,1546602904
876,,一号线,1bc2设备,514,1553771581,1553788799
877,,一号线,1bc2设备,515,1553771581,1553788799
878,,一号线,1bc2设备,519,1553771581,1553788799
879,,二号线,0c62设备,20,1553702400,1553788799
880,,二号线,0c62设备,339,1553702400,1553778653
881,,二号线,0c62设备,340,1553702400,1553778653
882,,二号线,0c62设备,504,1553702400,1553788799
883,,二号线,0c62设备,505,1553702400,1553788799
884,,二号线,0c62设备,506,1553702400,1553788799
885,,二号线,0c62设备,507,1553702400,1553788799
886,,二号线,0c62设备,509,1553702400,1553788799
887,,二号线,de7a设备,40,1553747990,1553788799
888,,二号线,de7a设备,338,1553702400,1553732356
889,,二号线,de7a设备,338,1553747990,1553776397
890,,二号线,de7a设备,504,1553747990,1553788799
891,,二号线,de7a设备,505,1553747990,1553788799
892,,二号线,de7a设备,509,1553747990,1553788799
893,,二号线,de7a设备,517,1553747990,1553778436
894,,三号线,b340设备,40,1553722740,1553788799
895,,三号线,b340设备,274,1553702400,1553758108
896,,三号线,b340设备,274,1553758510,1553767662
897,,三号线,b340设备,361,1553775763,1553788799
898,,三号线,b340设备,503,1553702400,1553721187
899,,三号线,b340设备,504,1553722740,1553788799
900,,三号线,b340设备,505,1553722740,1553788799
901,,三号线,b340设备,506,1553722740,1553788799
902,,三号线,b340设备,507,1553722740,1553788799
903,,三号线,b340设备,508,1553722740,1553756002
904,,四号线,10e6设备,40,1553702400,1553788799
905,,四号线,10e6设备,339,1553702400,1553788799
906,,四号线,10e6设备,340,1553702400,1553788799
907,,四号线,10e6设备,502,1553702400,1553721197
908,,四号线,10e6设备,505,1553702400,1553755781
909,,四号线,10e6设备,509,1553702400,1553756060
910,,四号线,10e6设备,510,1553758479,1553762719
911,,四号线,10e6设备,511,1553702400,1553157333
912,,四号线,10e6设备,511,1553763780,1553769706
913,,四号线,10e6设备,515,1553776298,1553788799
914,,四号线,10e6设备,516,1553776298,1553788799
915,,一号线,6efb设备,515,1553788800,1553813703
916,,一号线,6efb设备,528,1553788800,1553816441
917,,一号线,6efb设备,528,1553816856,1553855206
918,,一号线,6efb设备,536,1553862910,1553875199
919,,一号线,a49d设备,40,1553816888,1553875199
920,,一号线,a49d设备,516,1553816888,1553875199
921,,一号线,a49d设备,526,1553788800,1543010063
922,,一号线,a49d设备,526,1553816888,1553855229
923,,一号线,a49d设备,535,1553863161,1553875199
924,,一号线,1bc2设备,40,1553816843,1553875199
925,,一号线,1bc2设备,513,1553788800,1553813479
926,,一号线,1bc2设备,516,1553788800,1553875199
927,,一号线,1bc2设备,519,1553816843,1553875199
928,,一号线,1bc2设备,520,1553788800,1546642784
929,,一号线,1bc2设备,520,1553816843,1553855183
930,,一号线,1bc2设备,521,1553788800,1546642784
931,,一号线,1bc2设备,521,1553816843,1553855183
932,,一号线,1bc2设备,523,1553816843,1553875199
933,,一号线,1bc2设备,531,1553862890,1553875199
934,,一号线,1bc2设备,532,1553862890,1553875199
935,,一号线,1bc2设备,533,1553862890,1553875199
936,,一号线,1bc2设备,534,1553862890,1553875199
937,,二号线,0c62设备,520,1553795433,1553875199
938,,二号线,0c62设备,521,1553795433,1553875199
939,,二号线,0c62设备,523,1553795433,1553868435
940,,二号线,0c62设备,527,1553795433,1553868438
941,,二号线,de7a设备,361,1553798303,1553875199
942,,二号线,de7a设备,516,1553798303,1553875199
943,,二号线,de7a设备,519,1553798303,1553875199
944,,二号线,de7a设备,519,1553817769,1553861030
945,,二号线,de7a设备,519,1553861098,1553870369
946,,二号线,de7a设备,526,1553817769,1553875199
947,,二号线,de7a设备,531,1553861098,1553875199
948,,三号线,b340设备,9,1553788800,1553875199
949,,三号线,b340设备,20,1553852265,1553875199
950,,三号线,b340设备,361,1553788800,1553851310
951,,三号线,b340设备,513,1553788800,1553875199
952,,三号线,b340设备,514,1553788800,1553875199
953,,三号线,b340设备,515,1553788800,1553875199
954,,三号线,b340设备,519,1553788800,1553875199
955,,三号线,b340设备,523,1553788800,1553875199
956,,三号线,b340设备,531,1553788800,1550215873
957,,三号线,b340设备,531,1553852265,1553875199
958,,三号线,b340设备,534,1553852265,1553875199
959,,四号线,10e6设备,20,1553852329,1553875199
960,,四号线,10e6设备,516,1553788800,1553850836
961,,四号线,10e6设备,529,1553788800,1553841092
962,,四号线,10e6设备,530,1553788800,1553845426
963,,四号线,10e6设备,532,1553852329,1553875199
964,,四号线,10e6设备,533,1553852329,1553875199
965,,一号线,6efb设备,20,1553912859,1553961599
966,,一号线,6efb设备,536,1553875200,1553908298
967,,一号线,6efb设备,544,1553912859,1553936969
968,,一号线,6efb设备,551,1553952948,1553961599
969,,一号线,a49d设备,535,1553875200,1553908304
970,,一号线,a49d设备,541,1553912840,1553936970
971,,一号线,a49d设备,548,1553953797,1553961599
972,,一号线,1bc2设备,533,1553875200,1553907998
973,,一号线,1bc2设备,534,1553875200,1553907998
974,,一号线,1bc2设备,542,1553912883,1553936898
975,,一号线,1bc2设备,543,1553912883,1553936898
976,,一号线,1bc2设备,549,1553952844,1553961599
977,,一号线,1bc2设备,550,1553952844,1553961599
978,,二号线,0c62设备,537,1553884352,1553884902
979,,二号线,0c62设备,537,1553885189,1553961599
980,,二号线,0c62设备,538,1553884352,1553884901
981,,二号线,0c62设备,538,1553885189,1553961599
982,,二号线,de7a设备,539,1553887203,1553961599
983,,三号线,b340设备,531,1553875200,1553902052
984,,三号线,b340设备,540,1553909111,1553920608
985,,三号线,b340设备,546,1553924078,1553961599
986,,四号线,10e6设备,532,1553875200,1553902775
987,,四号线,10e6设备,545,1553920032,1553961599
988,,四号线,10e6设备,547,1553924015,1553961599
989,,一号线,6efb设备,551,1553961600,1553988199
990,,一号线,6efb设备,555,1553999748,1554047999
991,,一号线,a49d设备,548,1553961600,1553988426
992,,一号线,a49d设备,552,1553997388,1553998993
993,,一号线,a49d设备,552,1553999015,1554047999
994,,一号线,1bc2设备,549,1553961600,1553990453
995,,一号线,1bc2设备,550,1553961600,1553990453
996,,一号线,1bc2设备,553,1553998898,1554044132
997,,一号线,1bc2设备,554,1553998898,1554044132
998,,二号线,0c62设备,537,1553961600,1554039682
999,,二号线,0c62设备,538,1553961600,1554039682
1000,,二号线,de7a设备,539,1553961600,1553932909
1001,,二号线,de7a设备,539,1554026044,1554039665
1002,,三号线,b340设备,479,1553961600,1554047999
1003,,三号线,b340设备,546,1553961600,1554017784
1004,,三号线,b340设备,556,1554020495,1554034473
1005,,四号线,10e6设备,478,1553961600,1554047999
1006,,四号线,10e6设备,547,1553961600,1554017810
1007,,四号线,10e6设备,557,1554020491,1554035115
1008,,一号线,6efb设备,555,1554048000,1554052188
1009,,一号线,6efb设备,573,1554048000,1554063736
1010,,一号线,6efb设备,573,1554064168,1554064704
1011,,一号线,6efb设备,573,1554064762,1554084326
1012,,一号线,6efb设备,579,1554048000,1551415093
1013,,一号线,6efb设备,579,1554101917,1554102631
1014,,一号线,6efb设备,579,1554103818,1554134399
1015,,一号线,a49d设备,552,1554048000,1554052226
1016,,一号线,a49d设备,561,1554048000,1551370485
1017,,一号线,a49d设备,561,1554063568,1554064728
1018,,一号线,a49d设备,561,1554064899,1554084337
1019,,一号线,a49d设备,580,1554048000,1551417980
1020,,一号线,a49d设备,580,1554102137,1554102350
1021,,一号线,a49d设备,580,1554103832,1554134399
1022,,一号线,1bc2设备,553,1554048000,1554052192
1023,,一号线,1bc2设备,554,1554048000,1554052192
1024,,一号线,1bc2设备,562,1554048000,1554064743
1025,,一号线,1bc2设备,562,1554064778,1554084158
1026,,一号线,1bc2设备,563,1554048000,1554064743
1027,,一号线,1bc2设备,563,1554064778,1554084158
1028,,一号线,1bc2设备,581,1554048000,1554101851
1029,,一号线,1bc2设备,581,1554103799,1554116282
1030,,一号线,1bc2设备,581,1554117646,1554134399
1031,,一号线,1bc2设备,582,1554048000,1554101851
1032,,一号线,1bc2设备,582,1554103799,1554116282
1033,,一号线,1bc2设备,582,1554117646,1554134399
1034,,二号线,0c62设备,559,1554052844,1554067061
1035,,二号线,0c62设备,560,1554052844,1554067060
1036,,二号线,0c62设备,565,1554072801,1554081131
1037,,二号线,0c62设备,566,1554072801,1554081131
1038,,二号线,0c62设备,570,1554083892,1554096397
1039,,二号线,0c62设备,571,1554083892,1554096396
1040,,二号线,0c62设备,577,1554106164,1554113943
1041,,二号线,0c62设备,578,1554106164,1554113943
1042,,二号线,0c62设备,584,1554106164,1554115321
1043,,二号线,0c62设备,585,1554106164,1554115321
1044,,二号线,0c62设备,586,1554129685,1554134399
1045,,二号线,0c62设备,587,1554129685,1554134399
1046,,二号线,de7a设备,558,1554052917,1554065114
1047,,二号线,de7a设备,567,1554072557,1554081437
1048,,二号线,de7a设备,572,1554084486,1554096472
1049,,二号线,de7a设备,576,1554097697,1554102510
1050,,二号线,de7a设备,583,1554105011,1554115230
1051,,二号线,de7a设备,588,1554129569,1554134399
1052,,三号线,b340设备,479,1554048000,1554067573
1053,,三号线,b340设备,569,1554073838,1554087034
1054,,三号线,b340设备,574,1554048000,1547509811
1055,,三号线,b340设备,574,1554095711,1554124714
1056,,三号线,b340设备,589,1554048000,1547535184
1057,,三号线,b340设备,589,1554134279,1554134399
1058,,四号线,10e6设备,478,1554048000,1554067489
1059,,四号线,10e6设备,564,1554073824,1554087892
1060,,四号线,10e6设备,575,1554096234,1554124821
1061,,四号线,10e6设备,590,1554130612,1554134399
1062,,一号线,6efb设备,579,1554134400,1554137136
1063,,一号线,6efb设备,602,1554146216,1554147324
1064,,一号线,6efb设备,602,1554150515,1554154177
1065,,一号线,6efb设备,603,1554170412,1554171429
1066,,一号线,6efb设备,603,1554172579,1554178977
1067,,一号线,6efb设备,604,1554183824,1554202773
1068,,一号线,6efb设备,606,1554134400,1533149336
1069,,一号线,a49d设备,580,1554134400,1554137067
1070,,一号线,a49d设备,591,1554147241,1554147291
1071,,一号线,a49d设备,591,1554150546,1554153444
1072,,一号线,a49d设备,596,1554170437,1554171472
1073,,一号线,a49d设备,596,1554171671,1554175242
1074,,一号线,a49d设备,600,1554184269,1554202771
1075,,一号线,a49d设备,605,1554134400,1533149782
1076,,一号线,a49d设备,605,1554215951,1554220799
1077,,一号线,1bc2设备,581,1554134400,1554141166
1078,,一号线,1bc2设备,582,1554134400,1554141166
1079,,一号线,1bc2设备,592,1554146736,1554146932
1080,,一号线,1bc2设备,592,1554150473,1554154191
1081,,一号线,1bc2设备,593,1554146736,1554146932
1082,,一号线,1bc2设备,593,1554150473,1554154191
1083,,一号线,1bc2设备,594,1554170420,1554170976
1084,,一号线,1bc2设备,594,1554172217,1554178969
1085,,一号线,1bc2设备,595,1554170420,1554170976
1086,,一号线,1bc2设备,595,1554172217,1554178955
1087,,一号线,1bc2设备,598,1554183831,1554202784
1088,,一号线,1bc2设备,599,1554183831,1554202784
1089,,一号线,1bc2设备,607,1554134400,1533149882
1090,,一号线,1bc2设备,607,1554215989,1554215989
1091,,一号线,1bc2设备,608,1554134400,1533149882
1092,,一号线,1bc2设备,608,1554215989,1554215989
1093,,二号线,0c62设备,537,1554134400,1554220799
1094,,二号线,0c62设备,538,1554134400,1554220799
1095,,二号线,0c62设备,586,1554134400,1554147609
1096,,二号线,0c62设备,587,1554134400,1554147609
1097,,二号线,de7a设备,60,1554134400,1547709757
1098,,二号线,de7a设备,519,1554134400,1553870369
1099,,二号线,de7a设备,539,1554134400,1554039665
1100,,二号线,de7a设备,539,1554153349,1554220799
1101,,二号线,de7a设备,588,1554134400,1554146365
1102,,三号线,b340设备,531,1554134400,1554202597
1103,,三号线,b340设备,589,1554134400,1554154184
1104,,三号线,b340设备,601,1554204616,1554220799
1105,,四号线,10e6设备,590,1554134400,1554154194
1106,,四号线,10e6设备,597,1554203826,1554220799
1107,,一号线,6efb设备,606,1554221899,1554307199
1108,,一号线,6efb设备,609,1554221899,1554222156
1109,,一号线,a49d设备,605,1554220800,1554307199
1110,,一号线,1bc2设备,607,1554220800,1554307199
1111,,一号线,1bc2设备,608,1554220800,1554307199
1112,,一号线,1bc2设备,612,1554220800,1554307199
1113,,二号线,0c62设备,537,1554220800,1554307199
1114,,二号线,0c62设备,538,1554220800,1554307199
1115,,二号线,de7a设备,539,1554220800,1554204376
1116,,二号线,de7a设备,539,1554235194,1554251554
1117,,二号线,de7a设备,539,1554251608,1554292029
1118,,二号线,de7a设备,539,1554294576,1554307199
1119,,三号线,b340设备,601,1554220800,1554227941
1120,,三号线,b340设备,610,1554220800,1546556753
1121,,三号线,b340设备,610,1554229908,1554307199
1122,,三号线,b340设备,611,1554220800,1544471035
1123,,三号线,b340设备,611,1554265562,1554287798
1124,,四号线,10e6设备,597,1554220800,1554227945
1125,,四号线,10e6设备,608,1554265339,1554307199
1126,,四号线,10e6设备,612,1554265339,1554287952
1127,,一号线,6efb设备,606,1554307200,1554336103
1128,,一号线,6efb设备,617,1554340829,1554367116
1129,,一号线,6efb设备,636,1554307200,1553244070
1130,,一号线,6efb设备,636,1554371748,1554393599
1131,,一号线,a49d设备,239,1554307200,1553244170
1132,,一号线,a49d设备,239,1554371731,1554393599
1133,,一号线,a49d设备,547,1554371731,1554393599
1134,,一号线,a49d设备,605,1554307200,1554333218
1135,,一号线,a49d设备,616,1554340836,1554367113
1136,,一号线,1bc2设备,421,1554371677,1554393599
1137,,一号线,1bc2设备,422,1554371677,1554393599
1138,,一号线,1bc2设备,547,1554371677,1554393599
1139,,一号线,1bc2设备,607,1554307200,1554336099
1140,,一号线,1bc2设备,608,1554307200,1554336099
1141,,一号线,1bc2设备,614,1554340730,1554393599
1142,,一号线,1bc2设备,615,1554340730,1554393599
1143,,一号线,1bc2设备,621,1554371677,1554393599
1144,,一号线,1bc2设备,622,1554371677,1554393599
1145,,一号线,1bc2设备,623,1554371677,1554393599
1146,,一号线,1bc2设备,624,1554371677,1554393599
1147,,一号线,1bc2设备,625,1554371677,1554393599
1148,,二号线,0c62设备,239,1554307200,1554393599
1149,,二号线,0c62设备,537,1554307200,1554393599
1150,,二号线,0c62设备,538,1554307200,1554393599
1151,,二号线,de7a设备,539,1554307200,1554291746
1152,,二号线,de7a设备,539,1554307200,1554326682
1153,,二号线,de7a设备,539,1554327830,1554336673
1154,,二号线,de7a设备,539,1554336685,1554393599
1155,,二号线,de7a设备,547,1554336685,1554393599
1156,,三号线,b340设备,531,1554307200,1554361852
1157,,三号线,b340设备,537,1554307200,1554381877
1158,,三号线,b340设备,546,1554307200,1554393599
1159,,三号线,b340设备,610,1554307200,1554309420
1160,,四号线,10e6设备,547,1554307200,1554393599
1161,,四号线,10e6设备,613,1554332444,1554336667
1162,,一号线,6efb设备,636,1554393600,1554401152
1163,,一号线,6efb设备,638,1554408266,1554414989
1164,,一号线,a49d设备,239,1554393600,1554479999
1165,,一号线,a49d设备,537,1554393600,1554479999
1166,,一号线,1bc2设备,618,1554419015,1554419021
1167,,一号线,1bc2设备,619,1554419015,1554419021
1168,,一号线,1bc2设备,622,1554393600,1554401101
1169,,一号线,1bc2设备,623,1554393600,1554401101
1170,,一号线,1bc2设备,626,1554408279,1554412790
1171,,一号线,1bc2设备,627,1554408279,1554412790
1172,,二号线,0c62设备,421,1554393600,1554479999
1173,,二号线,0c62设备,538,1554393600,1554479999
1174,,二号线,0c62设备,546,1554393600,1554479999
1175,,二号线,0c62设备,623,1554393600,1554479999
1176,,二号线,0c62设备,624,1554393600,1554421071
1177,,二号线,0c62设备,625,1554393600,1554421071
1178,,二号线,de7a设备,539,1554393600,1554479999
1179,,二号线,de7a设备,621,1554393600,1554421356
1180,,四号线,10e6设备,547,1554393600,1554421769
1181,,一号线,6efb设备,637,1554480000,1553358412
1182,,一号线,6efb设备,637,1554534580,1554566399
1183,,一号线,6efb设备,639,1554508870,1554517198
1184,,一号线,a49d设备,620,1554505290,1554517210
1185,,一号线,a49d设备,633,1554480000,1553358210
1186,,一号线,a49d设备,633,1554534566,1554566399
1187,,一号线,1bc2设备,618,1554480000,1554517099
1188,,一号线,1bc2设备,619,1554480000,1554517099
1189,,一号线,1bc2设备,631,1554480000,1553358408
1190,,一号线,1bc2设备,631,1554534593,1554566399
1191,,一号线,1bc2设备,632,1554480000,1553358408
1192,,一号线,1bc2设备,632,1554534593,1554566399
1193,,二号线,0c62设备,624,1554480000,1554520224
1194,,二号线,0c62设备,625,1554480000,1554520224
1195,,二号线,0c62设备,629,1554525125,1554544474
1196,,二号线,0c62设备,630,1554525125,1554544474
1197,,二号线,de7a设备,621,1554480000,1554421356
1198,,二号线,de7a设备,621,1554508291,1554521161
1199,,二号线,de7a设备,622,1554508291,1554566399
1200,,二号线,de7a设备,628,1554525092,1554544470
1201,,三号线,b340设备,538,1554480000,1554566399
1202,,三号线,b340设备,546,1554480000,1554566399
1203,,四号线,10e6设备,547,1554480000,1554566399
1204,,一号线,6efb设备,515,1554566400,1553813703
1205,,一号线,6efb设备,515,1554585053,1554622514
1206,,一号线,6efb设备,528,1554566400,1553855206
1207,,一号线,6efb设备,637,1554566400,1554580836
1208,,一号线,a49d设备,526,1554566400,1553855229
1209,,一号线,a49d设备,633,1554566400,1554580910
1210,,一号线,1bc2设备,513,1554566400,1553813479
1211,,一号线,1bc2设备,513,1554584978,1554622548
1212,,一号线,1bc2设备,631,1554566400,1554581136
1213,,一号线,1bc2设备,632,1554566400,1554581136
1214,,二号线,0c62设备,629,1554566400,1554599789
1215,,二号线,0c62设备,630,1554566400,1554599789
1216,,二号线,0c62设备,641,1554605700,1554627672
1217,,二号线,0c62设备,642,1554605700,1554627672
1218,,二号线,de7a设备,628,1554566400,1554544470
1219,,二号线,de7a设备,628,1554570036,1554600328
1220,,二号线,de7a设备,640,1554604349,1554652799
1221,,一号线,6efb设备,528,1554653331,1554739199
1222,,一号线,a49d设备,526,1554653351,1554739199
1223,,一号线,1bc2设备,645,1554653311,1554686608
1224,,一号线,1bc2设备,646,1554653311,1554686608
1225,,二号线,0c62设备,624,1554652800,1554739199
1226,,二号线,0c62设备,625,1554652800,1554739199
1227,,二号线,0c62设备,641,1554652800,1554660669
1228,,二号线,0c62设备,642,1554652800,1554660669
1229,,二号线,de7a设备,621,1554652800,1554521161
1230,,二号线,de7a设备,621,1554663464,1554739199
1231,,二号线,de7a设备,640,1554652800,1554660785
1232,,一号线,1bc2设备,645,1554653311,1554690828
1233,,一号线,1bc2设备,646,1554653311,1554690828
1234,,一号线,1bc2设备,652,1554717667,1554739199
1235,,一号线,1bc2设备,653,1554717667,1554739199
1236,,一号线,a49d设备,526,1554653351,1554690852
1237,,一号线,a49d设备,648,1554697210,1554709477
1238,,一号线,a49d设备,654,1554652800,1542143793
1239,,一号线,a49d设备,654,1554717790,1554739199
1240,,一号线,6efb设备,528,1554653331,1554690545
1241,,一号线,6efb设备,647,1554652800,1542073407
1242,,一号线,6efb设备,647,1554693044,1554709516
1243,,一号线,6efb设备,651,1554652800,1542143492
1244,,一号线,6efb设备,651,1554717635,1554739199
1245,,三号线,10e6设备,547,1554652800,1554739199
1246,,三号线,10e6设备,649,1554652800,1554659190
1247,,三号线,10e6设备,650,1554665876,1554667564
1248,,一号线,1bc2设备,533,1554739200,1554794633
1249,,一号线,1bc2设备,533,1554794660,1554796051
1250,,一号线,1bc2设备,534,1554739200,1554794633
1251,,一号线,1bc2设备,534,1554794660,1554796051
1252,,一号线,1bc2设备,652,1554739200,1554757287
1253,,一号线,1bc2设备,653,1554739200,1554757287
1254,,一号线,1bc2设备,657,1554760671,1554792045
1255,,一号线,1bc2设备,658,1554760671,1554786425
1256,,一号线,1bc2设备,659,1554739200,1515421627
1257,,一号线,1bc2设备,659,1554801276,1554825599
1258,,一号线,1bc2设备,660,1554739200,1515421627
1259,,一号线,1bc2设备,660,1554801276,1554825599
1260,,一号线,a49d设备,654,1554739200,1554757360
1261,,一号线,a49d设备,655,1554739200,1546739349
1262,,一号线,a49d设备,655,1554760604,1554788960
1263,,一号线,a49d设备,661,1554739200,1515449598
1264,,一号线,a49d设备,661,1554803907,1554811461
1265,,一号线,a49d设备,661,1554811471,1554825599
1266,,一号线,6efb设备,536,1554739200,1554796115
1267,,一号线,6efb设备,651,1554739200,1554757340
1268,,一号线,6efb设备,656,1554739200,1546739344
1269,,一号线,6efb设备,656,1554760596,1554791708
1270,,一号线,6efb设备,662,1554805595,1554825599
1271,,二号线,de7a设备,547,1554739200,1554825599
1272,,二号线,de7a设备,621,1554739200,1554825599
1273,,二号线,0c62设备,624,1554739200,1554825599
1274,,二号线,0c62设备,625,1554739200,1554825599
1275,,一号线,1bc2设备,659,1554825600,1554829546
1276,,一号线,1bc2设备,660,1554825600,1554829546
1277,,一号线,1bc2设备,664,1554825600,1546778862
1278,,一号线,1bc2设备,664,1554832496,1554900675
1279,,一号线,1bc2设备,665,1554825600,1546778862
1280,,一号线,1bc2设备,665,1554832496,1554900675
1281,,一号线,1bc2设备,670,1554825600,1554866896
1282,,一号线,1bc2设备,671,1554825600,1554911999
1283,,一号线,1bc2设备,674,1554907584,1554911992
1284,,一号线,1bc2设备,675,1554907584,1554911992
1285,,一号线,a49d设备,661,1554825600,1554829029
1286,,一号线,a49d设备,663,1554825600,1546782533
1287,,一号线,a49d设备,663,1554832576,1554900645
1288,,一号线,a49d设备,673,1554911802,1554911999
1289,,一号线,6efb设备,662,1554825600,1554829373
1290,,一号线,6efb设备,668,1554825600,1546782486
1291,,一号线,6efb设备,668,1554832586,1554900670
1292,,一号线,6efb设备,676,1554911816,1554911999
1293,,二号线,de7a设备,621,1554825600,1554873315
1294,,二号线,de7a设备,621,1554884829,1554911999
1295,,二号线,0c62设备,624,1554825600,1554911999
1296,,二号线,0c62设备,625,1554825600,1554911999
1297,,三号线,10e6设备,547,1554825600,1554835649
1298,,三号线,10e6设备,666,1554825600,1553204935
1299,,三号线,10e6设备,666,1554837591,1554853731
1300,,三号线,10e6设备,667,1554845678,1554845846
1301,,三号线,10e6设备,669,1554857748,1554873919
1302,,三号线,10e6设备,672,1554876696,1554879891
1303,,一号线,1bc2设备,674,1554912000,1554948165
1304,,一号线,1bc2设备,675,1554912000,1554948165
1305,,一号线,1bc2设备,679,1554957140,1554977912
1306,,一号线,1bc2设备,680,1554957140,1554977912
1307,,一号线,1bc2设备,682,1554985290,1554998399
1308,,一号线,1bc2设备,683,1554985290,1554998399
1309,,一号线,a49d设备,673,1554912000,1554948218
1310,,一号线,a49d设备,677,1554953109,1554979616
1311,,一号线,a49d设备,681,1554985614,1554998399
1312,,一号线,6efb设备,676,1554912000,1554948134
1313,,一号线,6efb设备,678,1554953406,1554977869
1314,,一号线,6efb设备,684,1554985644,1554998399
1315,,二号线,de7a设备,621,1554912000,1554941437
1316,,二号线,de7a设备,621,1554941450,1554983449
1317,,二号线,de7a设备,621,1554985175,1554998399
1318,,二号线,0c62设备,624,1554912000,1554998399
1319,,二号线,0c62设备,625,1554912000,1554998399
1320,,二号线,0c62设备,681,1554912000,1554998399
1321,,三号线,10e6设备,532,1554912000,1553902775
1322,,三号线,10e6设备,547,1554912000,1554998399
1323,,一号线,1bc2设备,624,1555012490,1555084799
1324,,一号线,1bc2设备,682,1554998400,1555007031
1325,,一号线,1bc2设备,683,1554998400,1555005968
1326,,一号线,1bc2设备,686,1555012490,1555052195
1327,,一号线,1bc2设备,687,1555012490,1555052195
1328,,一号线,1bc2设备,690,1555012490,1555084799
1329,,一号线,1bc2设备,691,1555012490,1555084799
1330,,一号线,a49d设备,677,1554998400,1554979616
1331,,一号线,a49d设备,681,1554998400,1555005467
1332,,一号线,a49d设备,685,1554998400,1555005968
1333,,一号线,a49d设备,689,1555021300,1555021631
1334,,一号线,a49d设备,689,1555023085,1555059316
1335,,一号线,a49d设备,692,1555023085,1555084799
1336,,一号线,6efb设备,678,1554998400,1554977869
1337,,一号线,6efb设备,684,1554998400,1555005892
1338,,一号线,6efb设备,688,1555018882,1555019067
1339,,一号线,6efb设备,688,1555022904,1555084799
1340,,二号线,de7a设备,621,1554998400,1555027462
1341,,二号线,de7a设备,621,1555028366,1555084799
1342,,二号线,0c62设备,624,1554998400,1555084799
1343,,二号线,0c62设备,625,1554998400,1555084799
1344,,二号线,0c62设备,691,1554998400,1555084799
1345,,三号线,10e6设备,547,1554998400,1555084799
1346,,一号线,1bc2设备,686,1555084800,1555052195
1347,,一号线,1bc2设备,686,1555144040,1555171075
1348,,一号线,1bc2设备,687,1555084800,1555052195
1349,,一号线,1bc2设备,687,1555144040,1555171070
1350,,一号线,1bc2设备,690,1555084800,1555142003
1351,,一号线,1bc2设备,691,1555084800,1555142003
1352,,一号线,a49d设备,692,1555084800,1555142694
1353,,一号线,a49d设备,692,1555144276,1555171199
1354,,一号线,a49d设备,697,1555084800,1555143381
1355,,一号线,6efb设备,688,1555084800,1555142230
1356,,一号线,6efb设备,688,1555144263,1555171199
1357,,二号线,de7a设备,621,1555084800,1555114493
1358,,二号线,de7a设备,621,1555114532,1555156695
1359,,二号线,de7a设备,621,1555157452,1555171199
1360,,二号线,0c62设备,624,1555084800,1555171199
1361,,二号线,0c62设备,625,1555084800,1555171199
1362,,三号线,10e6设备,547,1555084800,1555092670
1363,,三号线,10e6设备,696,1555141775,1555153696
1364,,三号线,10e6设备,698,1555159004,1555171199
1365,,一号线,1bc2设备,624,1555171200,1555257599
1366,,一号线,1bc2设备,686,1555171200,1555196638
1367,,一号线,1bc2设备,687,1555171200,1555196638
1368,,一号线,a49d设备,692,1555171200,1555196676
1369,,一号线,6efb设备,688,1555171200,1555196664
1370,,二号线,de7a设备,621,1555171200,1555197320
1371,,二号线,0c62设备,624,1555171200,1555196809
1372,,二号线,0c62设备,625,1555171200,1555196809
1373,,二号线,0c62设备,686,1555171200,1555257599
1374,,三号线,10e6设备,698,1555171200,1555176681
1375,,三号线,10e6设备,699,1555177225,1555181072
1376,,三号线,10e6设备,700,1555183772,1555188616
1377,,一号线,1bc2设备,686,1555257600,1555335101
1378,,一号线,1bc2设备,687,1555257600,1555335101
1379,,一号线,a49d设备,692,1555257600,1555334110
1380,,三号线,10e6设备,700,1555257600,1555287197
1381,,三号线,10e6设备,701,1555295046,1555313323
1382,,一号线,1bc2设备,703,1555344617,1555359664
1383,,一号线,1bc2设备,704,1555344617,1555359664
1384,,一号线,1bc2设备,709,1555344000,1555365904
1385,,一号线,1bc2设备,709,1555366851,1555411618
1386,,一号线,1bc2设备,710,1555344000,1555365904
1387,,一号线,1bc2设备,710,1555366851,1555411618
1388,,一号线,1bc2设备,714,1555421137,1555430399
1389,,一号线,1bc2设备,715,1555421137,1555430399
1390,,一号线,a49d设备,707,1555344688,1555359664
1391,,一号线,a49d设备,708,1555344000,1543859664
1392,,一号线,a49d设备,708,1555367037,1555411667
1393,,一号线,a49d设备,713,1555421112,1555430399
1394,,三号线,10e6设备,547,1555344000,1555430399
1395,,三号线,10e6设备,547,1555430400,1555462428
1396,,三号线,10e6设备,720,1555466312,1555482682
1397,,三号线,10e6设备,727,1555486126,1555501640
1398,,一号线,1bc2设备,714,1555430400,1555439130
1399,,一号线,1bc2设备,715,1555430400,1555439130
1400,,一号线,1bc2设备,717,1555444663,1555506981
1401,,一号线,1bc2设备,718,1555444663,1555506981
1402,,一号线,1bc2设备,728,1555470040,1555471827
1403,,一号线,1bc2设备,728,1555473812,1555499747
1404,,一号线,1bc2设备,729,1555470040,1555471827
1405,,一号线,1bc2设备,729,1555473812,1555499747
1406,,一号线,1bc2设备,730,1555430400,1546839142
1407,,一号线,1bc2设备,730,1555513148,1555516799
1408,,一号线,1bc2设备,731,1555430400,1546839140
1409,,一号线,1bc2设备,731,1555513148,1555516799
1410,,一号线,a49d设备,713,1555430400,1555439080
1411,,一号线,a49d设备,719,1555444833,1555450664
1412,,一号线,a49d设备,719,1555506303,1555507081
1413,,一号线,a49d设备,721,1555470660,1555471358
1414,,一号线,a49d设备,721,1555473838,1555473844
1415,,一号线,a49d设备,721,1555474894,1555492738
1416,,一号线,a49d设备,732,1555513277,1555516799
1417,,一号线,1bc2设备,730,1555516800,1555530213
1418,,一号线,1bc2设备,731,1555516800,1555530213
1419,,一号线,1bc2设备,737,1555516800,1553126896
1420,,一号线,1bc2设备,737,1555535742,1555565873
1421,,一号线,1bc2设备,738,1555516800,1553126896
1422,,一号线,1bc2设备,738,1555535742,1555565873
1423,,一号线,1bc2设备,741,1555574303,1555593843
1424,,一号线,1bc2设备,742,1555574303,1555593843
1425,,一号线,1bc2设备,745,1555595097,1555603199
1426,,一号线,1bc2设备,746,1555595097,1555603199
1427,,一号线,a49d设备,732,1555516800,1555530967
1428,,一号线,a49d设备,736,1555516800,1553127470
1429,,一号线,a49d设备,736,1555535727,1555565681
1430,,一号线,a49d设备,740,1555575318,1555592692
1431,,一号线,a49d设备,747,1555596213,1555602977
1432,,一号线,1bc2设备,659,1555603200,1554829546
1433,,一号线,1bc2设备,659,1555620618,1555652542
1434,,一号线,1bc2设备,660,1555603200,1554829546
1435,,一号线,1bc2设备,660,1555620618,1555652542
1436,,一号线,1bc2设备,745,1555603200,1555615585
1437,,一号线,1bc2设备,746,1555603200,1555615578
1438,,一号线,1bc2设备,749,1555603200,1536969692
1439,,一号线,1bc2设备,749,1555661402,1555681357
1440,,一号线,1bc2设备,750,1555603200,1536969692
1441,,一号线,1bc2设备,750,1555661402,1555681357
1442,,一号线,1bc2设备,752,1555685177,1555689599
1443,,一号线,1bc2设备,753,1555685177,1555689599
1444,,一号线,a49d设备,661,1555603200,1554829029
1445,,一号线,a49d设备,661,1555619944,1555653298
1446,,一号线,a49d设备,747,1555603200,1555614693
1447,,一号线,a49d设备,748,1555603200,1537037438
1448,,一号线,a49d设备,748,1555661428,1555681693
1449,,一号线,a49d设备,751,1555685137,1555689599
